home_id;epoch;valid_mse;test_mse;layers;units;dropout
home106;28;6.017405986785889;6.107286152505646;3;64;0.2
home106;31;5.491324424743652;5.58991579560615;3;64;0.25
home106;26;7.8777995109558105;7.922704899349935;3;64;0.3
home106;21;5.535970687866211;5.644394546305836;3;128;0.2
home106;39;5.363861083984375;5.468160061475779;3;128;0.25
home106;22;8.137681007385254;8.262692678381123;3;128;0.3
home106;34;1.9493684768676758;1.9787079200405135;3;256;0.2
home106;31;1.9579312801361084;1.928744566940697;3;256;0.25
home106;26;2.0749120712280273;1.9488048822597568;3;256;0.3
home106;42;2.05845308303833;2.0805062683327953;3;512;0.2
home106;33;2.2007601261138916;2.1316352213671017;3;512;0.25
home106;28;2.8312795162200928;2.7960090963836186;3;512;0.3
home106;34;7.16257905960083;7.269441449833667;4;64;0.2
home106;23;7.4099273681640625;7.507977659450887;4;64;0.25
home106;22;11.959945678710938;12.061026986800043;4;64;0.3
home106;38;4.064931392669678;4.156305200832088;4;128;0.2
home106;27;6.077647686004639;6.197441763181609;4;128;0.25
home106;24;8.83700180053711;8.937817859486136;4;128;0.3
home106;31;1.4911645650863647;1.4098090222643742;4;256;0.2
home106;28;1.6249066591262817;1.5315955360504654;4;256;0.25
home106;25;8.887845039367676;9.005371043300498;4;256;0.3
home106;30;1.0442981719970703;1.0574020761330545;4;512;0.2
home106;35;1.2697299718856812;1.20099026439403;4;512;0.25
home106;30;5.225201606750488;4.9371767085383595;4;512;0.3
home106;25;6.170128345489502;6.233215375394671;5;64;0.2
home106;22;10.13333797454834;10.26317859182308;5;64;0.25
home106;24;8.13206958770752;8.156076538381585;5;64;0.3
home106;28;4.89821195602417;4.991417696104382;5;128;0.2
home106;34;3.060580253601074;2.9615123007616795;5;128;0.25
home106;23;8.823060035705566;8.964264550685867;5;128;0.3
home106;31;1.9742348194122314;1.9911213329449409;5;256;0.2
home106;31;4.295172691345215;4.243301868019838;5;256;0.25
home106;30;7.138310432434082;7.281375991351272;5;256;0.3
home106;32;8.134411811828613;8.246585518985267;5;512;0.2
home106;30;11.725035667419434;11.840700186471649;5;512;0.25
home106;25;11.827162742614746;11.969016653952586;5;512;0.3
home106;24;5.6776509284973145;5.757163934710161;6;64;0.2
home106;25;7.245014190673828;7.275322881010674;6;64;0.25
home106;28;6.175164699554443;6.046901873916641;6;64;0.3
home106;29;6.986490249633789;7.082107837659908;6;128;0.2
home106;43;7.7290802001953125;7.8503058288182865;6;128;0.25
home106;26;8.232277870178223;8.36340471411116;6;128;0.3
home106;31;1.0167925357818604;1.0253362625840547;6;256;0.2
home106;35;8.129358291625977;8.22971813414257;6;256;0.25
home106;28;2.680265426635742;2.4913862151913024;6;256;0.3
home106;37;3.484161853790283;3.515544026473656;6;512;0.2
home106;45;1.342767357826233;1.3596511676992242;6;512;0.25
home106;47;5.180428981781006;4.8741941035299;6;512;0.3
home128;30;7.619309425354004;7.7682358186172795;3;64;0.2
home128;21;8.310681343078613;8.451168077959776;3;64;0.25
home128;25;12.296550750732422;12.472702982450059;3;64;0.3
home128;28;3.681307792663574;3.7987645549537925;3;128;0.2
home128;36;9.436261177062988;9.58609798988558;3;128;0.25
home128;27;10.766542434692383;10.919705706616057;3;128;0.3
home128;32;1.8850888013839722;1.9923447261021454;3;256;0.2
home128;27;2.6933953762054443;2.8040020839519944;3;256;0.25
home128;28;1.7494066953659058;1.8526181989060955;3;256;0.3
home128;30;1.240238070487976;1.3050548667894422;3;512;0.2
home128;41;3.815244197845459;3.917583688157493;3;512;0.25
home128;33;4.862020969390869;4.9648817412075426;3;512;0.3
home128;29;7.453868389129639;7.579135153796493;4;64;0.2
home128;25;10.3933687210083;10.580599678891213;4;64;0.25
home128;23;11.662638664245605;11.829605178021849;4;64;0.3
home128;29;4.9819135665893555;5.116856673880174;4;128;0.2
home128;32;6.197146892547607;6.3108119613014955;4;128;0.25
home128;28;10.51020336151123;10.716175263287386;4;128;0.3
home128;29;1.9755237102508545;2.0652230903813287;4;256;0.2
home128;29;2.468625545501709;2.559090074831652;4;256;0.25
home128;27;3.955535411834717;4.026145428499439;4;256;0.3
home128;63;0.9048750400543213;0.9780088835380141;4;512;0.2
home128;45;0.995481550693512;1.0792210918375065;4;512;0.25
home128;27;5.92909574508667;5.989977402625641;4;512;0.3
home128;31;5.206255912780762;5.348769282345668;5;64;0.2
home128;34;6.17459774017334;6.294216584173931;5;64;0.25
home128;22;10.62450122833252;10.774324162189698;5;64;0.3
home128;30;5.391654014587402;5.556081794812697;5;128;0.2
home128;27;10.722620964050293;10.869188088102204;5;128;0.25
home128;24;12.378667831420898;12.573701254058934;5;128;0.3
home128;38;2.177591323852539;2.2667720367158934;5;256;0.2
home128;30;3.613736391067505;3.7217002319731725;5;256;0.25
home128;26;3.1789097785949707;3.2669306572872574;5;256;0.3
home128;28;2.4920835494995117;2.6067484394486407;5;512;0.2
home128;57;3.3705930709838867;3.478550322131872;5;512;0.25
home128;32;1.6463520526885986;1.8040735386308606;5;512;0.3
home128;34;7.4281816482543945;7.5520201393433375;6;64;0.2
home128;24;9.169858932495117;9.316120195742828;6;64;0.25
home128;24;9.896429061889648;10.055198475232748;6;64;0.3
home128;29;7.0474853515625;7.174069084295784;6;128;0.2
home128;24;9.569608688354492;9.696574768223716;6;128;0.25
home128;24;11.072707176208496;11.24901481399073;6;128;0.3
home128;66;1.8696345090866089;1.9657496775996615;6;256;0.2
home128;34;11.696274757385254;11.878762630994949;6;256;0.25
home128;30;10.288960456848145;10.458495471775535;6;256;0.3
home128;36;3.0099596977233887;3.129412099426649;6;512;0.2
home128;49;1.9236377477645874;2.0292196443146966;6;512;0.25
home128;41;5.941127300262451;6.001995103510426;6;512;0.3
home136;26;5.099152565002441;5.040773502864372;3;64;0.2
home136;24;7.446422100067139;7.330709219516904;3;64;0.25
home136;33;6.06662130355835;5.968227449198042;3;64;0.3
home136;30;4.478470802307129;4.453411842354564;3;128;0.2
home136;24;7.317317962646484;7.300072418091055;3;128;0.25
home136;25;6.09782600402832;6.041518332884442;3;128;0.3
home136;38;0.43298545479774475;0.4325315508427943;3;256;0.2
home136;31;0.9755520820617676;0.9482206891778282;3;256;0.25
home136;27;2.562429904937744;2.613175204822044;3;256;0.3
home136;37;1.0324500799179077;1.0131583552208825;3;512;0.2
home136;41;1.4594403505325317;1.4330415362533964;3;512;0.25
home136;56;1.867409348487854;1.848312542079341;3;512;0.3
home136;28;4.078453063964844;4.0514011857354335;4;64;0.2
home136;23;9.585062026977539;9.434175888394426;4;64;0.25
home136;22;9.127866744995117;8.963917378606878;4;64;0.3
home136;38;2.1783957481384277;2.184880932392647;4;128;0.2
home136;32;6.795726776123047;6.757280713842005;4;128;0.25
home136;26;10.167973518371582;10.019412246043416;4;128;0.3
home136;31;3.829136371612549;3.824017657359253;4;256;0.2
home136;33;1.764814019203186;1.7491201835980612;4;256;0.25
home136;30;7.186137676239014;7.149765047757539;4;256;0.3
home136;41;4.5470476150512695;4.50032234506755;4;512;0.2
home136;41;2.4848389625549316;2.524956109028294;4;512;0.25
home136;31;2.5795345306396484;2.628772413575683;4;512;0.3
home136;29;5.597869873046875;5.607200884938114;5;64;0.2
home136;30;6.090003967285156;6.026724083452827;5;64;0.25
home136;23;7.181551456451416;7.106523104964445;5;64;0.3
home136;34;4.603499412536621;4.558170691501429;5;128;0.2
home136;34;5.9778547286987305;5.954049344242984;5;128;0.25
home136;23;9.036759376525879;8.917847878103125;5;128;0.3
home136;33;7.585920333862305;7.567227259159518;5;256;0.2
home136;37;3.0620481967926025;3.0883059422055696;5;256;0.25
home136;27;6.248195648193359;6.270961656093846;5;256;0.3
home136;55;0.7663929462432861;0.7712928212962852;5;512;0.2
home136;42;3.9188411235809326;3.931657594604272;5;512;0.25
home136;35;10.174256324768066;9.987961715270924;5;512;0.3
home136;37;6.238129615783691;6.2052672938650355;6;64;0.2
home136;30;7.407773494720459;7.326918667489803;6;64;0.25
home136;35;6.080117225646973;6.079927033527235;6;64;0.3
home136;36;6.15402364730835;6.130899965384177;6;128;0.2
home136;32;4.318481922149658;4.317894270328198;6;128;0.25
home136;30;9.278642654418945;9.145799386743057;6;128;0.3
home136;30;3.7669670581817627;3.7674127758547424;6;256;0.2
home136;32;6.3044915199279785;6.273726746139271;6;256;0.25
home136;32;11.974847793579102;11.690661778266183;6;256;0.3
home136;46;9.479147911071777;9.388357322919523;6;512;0.2
home136;42;5.354597568511963;5.234014653078187;6;512;0.25
home136;54;2.397413730621338;2.3926555969785217;6;512;0.3
home140;38;7.328336715698242;7.313277616724933;3;64;0.2
home140;44;5.263515472412109;5.230030182846015;3;64;0.25
home140;50;6.174520492553711;6.137014654522118;3;64;0.3
home140;22;9.45442008972168;9.605344572283567;3;128;0.2
home140;68;0.8848800659179688;0.8390003043398955;3;128;0.25
home140;26;7.82399845123291;7.797261731395928;3;128;0.3
home140;21;2.92510724067688;2.966853819144654;3;256;0.2
home140;22;2.995628595352173;2.9972591286664496;3;256;0.25
home140;22;2.3350090980529785;2.2871155967502066;3;256;0.3
home140;21;8.304346084594727;8.512870598214638;3;512;0.2
home140;46;2.790402889251709;2.799653276651156;3;512;0.25
home140;21;11.622432708740234;11.846268233690255;3;512;0.3
home140;38;6.473523139953613;6.492215327172607;4;64;0.2
home140;38;5.979665756225586;5.953691570493231;4;64;0.25
home140;39;10.065293312072754;10.18674451072403;4;64;0.3
home140;27;2.418384313583374;2.403196944860104;4;128;0.2
home140;41;4.945683479309082;4.89783619390143;4;128;0.25
home140;30;4.626605033874512;4.589027375016068;4;128;0.3
home140;24;1.832980990409851;1.7923523102896375;4;256;0.2
home140;59;1.1456917524337769;1.1080682169199434;4;256;0.25
home140;35;4.992136478424072;4.927757010973325;4;256;0.3
home140;58;1.0799187421798706;1.0503625601956283;4;512;0.2
home140;33;4.299959182739258;4.3274146283041315;4;512;0.25
home140;35;2.1006627082824707;2.0436809172171437;4;512;0.3
home140;36;4.095486640930176;4.117776362203892;5;64;0.2
home140;32;5.954748153686523;5.942441205935238;5;64;0.25
home140;39;6.293534278869629;6.319455891282153;5;64;0.3
home140;78;1.084611415863037;1.0390112543868533;5;128;0.2
home140;33;5.116390705108643;5.08862608372877;5;128;0.25
home140;28;5.573943614959717;5.558781836641253;5;128;0.3
home140;22;2.8564839363098145;2.8724746842349833;5;256;0.2
home140;51;1.0350548028945923;1.0181260573265725;5;256;0.25
home140;38;5.990821838378906;5.911774326678697;5;256;0.3
home140;21;4.493056297302246;4.545093547637043;5;512;0.2
home140;21;5.502849578857422;5.495715532791536;5;512;0.25
home140;47;4.26318883895874;4.211484502950208;5;512;0.3
home140;27;7.372285842895508;7.484499515446556;6;64;0.2
home140;55;4.836188316345215;4.771440641619843;6;64;0.25
home140;48;6.717676162719727;6.530794014684085;6;64;0.3
home140;30;1.0388284921646118;1.0229279460869916;6;128;0.2
home140;48;4.396402835845947;4.377833798475498;6;128;0.25
home140;33;5.175580024719238;5.121026601103123;6;128;0.3
home140;21;5.453289985656738;5.5122878222600695;6;256;0.2
home140;70;1.916290521621704;1.9191422288754407;6;256;0.25
home140;51;5.003838539123535;4.931501255098143;6;256;0.3
home140;39;1.5818299055099487;1.6182310383341492;6;512;0.2
home140;52;3.0963964462280273;3.187853285210304;6;512;0.25
home140;37;2.289886713027954;2.3186655928870774;6;512;0.3
home145;37;4.502315521240234;4.6775508493876226;3;64;0.2
home145;33;4.548782825469971;4.744551778956681;3;64;0.25
home145;32;5.7637434005737305;5.95151449369991;3;64;0.3
home145;22;10.395112991333008;10.435130406866175;3;128;0.2
home145;22;6.677070617675781;6.707270100923093;3;128;0.25
home145;47;4.842036247253418;5.001391738233157;3;128;0.3
home145;31;4.720035076141357;4.8673173484920245;3;256;0.2
home145;22;6.742767810821533;6.872955331353692;3;256;0.25
home145;21;9.987380027770996;9.979240021212693;3;256;0.3
home145;21;5.1920366287231445;5.308555113191652;3;512;0.2
home145;22;6.3140177726745605;6.360287323255388;3;512;0.25
home145;21;8.272079467773438;8.219283393786604;3;512;0.3
home145;46;3.26823091506958;3.5141829567062053;4;64;0.2
home145;38;5.99783182144165;6.256559849021585;4;64;0.25
home145;50;6.200757026672363;6.4363763110893935;4;64;0.3
home145;56;4.762470722198486;4.976397524934756;4;128;0.2
home145;43;4.7862043380737305;5.012589276607427;4;128;0.25
home145;44;2.221038818359375;2.4570705402415656;4;128;0.3
home145;31;1.1049467325210571;1.3548241136729096;4;256;0.2
home145;25;2.5375492572784424;2.697868852069395;4;256;0.25
home145;155;0.43357616662979126;0.7293562146100495;4;256;0.3
home145;48;1.1214720010757446;1.2553604558908231;4;512;0.2
home145;43;1.1277552843093872;1.3875956604071906;4;512;0.25
home145;21;2.6703808307647705;2.915915000892867;4;512;0.3
home145;50;2.898857593536377;3.1896897297740785;5;64;0.2
home145;46;6.653902053833008;6.983127941382675;5;64;0.25
home145;49;7.174670219421387;7.469487705401588;5;64;0.3
home145;50;1.4459781646728516;1.746972256454611;5;128;0.2
home145;44;2.373152494430542;2.6427574755555354;5;128;0.25
home145;46;2.452599287033081;2.706970155599836;5;128;0.3
home145;24;6.389664173126221;6.427066495968544;5;256;0.2
home145;57;1.3889015913009644;1.6823873986897857;5;256;0.25
home145;90;0.2801418602466583;0.5955245257224768;5;256;0.3
home145;22;3.3200149536132812;3.3898279791356627;5;512;0.2
home145;75;1.6161390542984009;2.2395324960504093;5;512;0.25
home145;30;4.526739597320557;4.559714476725853;5;512;0.3
home145;57;3.999866247177124;4.271193712424746;6;64;0.2
home145;43;2.6526594161987305;2.9631922889478894;6;64;0.25
home145;46;4.093137264251709;4.393875901497151;6;64;0.3
home145;76;3.9825971126556396;4.154759758543558;6;128;0.2
home145;59;5.978448867797852;6.290127522363522;6;128;0.25
home145;64;1.38485586643219;1.6632261385841407;6;128;0.3
home145;23;2.013145685195923;2.318688902845802;6;256;0.2
home145;77;1.3136343955993652;1.640436867421296;6;256;0.25
home145;30;5.372411727905273;5.459064857395579;6;256;0.3
home145;90;0.4660910964012146;0.7710266198397093;6;512;0.2
home145;128;0.512405276298523;0.7875958808014422;6;512;0.25
home145;62;1.111670732498169;1.4373864108429077;6;512;0.3
home162;33;9.355673789978027;9.187085496116463;3;64;0.2
home162;50;7.345415115356445;7.17115746096418;3;64;0.25
home162;24;13.115395545959473;12.790969494038992;3;64;0.3
home162;21;3.417085886001587;3.3436470450483005;3;128;0.2
home162;21;2.2150120735168457;2.1618911718496827;3;128;0.25
home162;37;10.038644790649414;9.854052769474341;3;128;0.3
home162;36;2.3998470306396484;2.3336174856212737;3;256;0.2
home162;21;0.9765677452087402;0.9610049222905889;3;256;0.25
home162;21;4.053493499755859;3.816143577184114;3;256;0.3
home162;55;3.3647654056549072;3.27681637428434;3;512;0.2
home162;33;2.916167736053467;2.7435889954813133;3;512;0.25
home162;32;3.0884640216827393;2.907692296853785;3;512;0.3
home162;37;7.113560676574707;6.961777807571184;4;64;0.2
home162;26;9.382879257202148;9.164901572602158;4;64;0.25
home162;26;10.1561279296875;9.923835142178936;4;64;0.3
home162;25;7.0026326179504395;6.879390286434534;4;128;0.2
home162;31;7.411623954772949;7.261403510685262;4;128;0.25
home162;27;11.72594165802002;11.469790694711897;4;128;0.3
home162;36;1.7049087285995483;1.6089416679274988;4;256;0.2
home162;33;2.5643575191497803;2.441758131678416;4;256;0.25
home162;31;4.736784934997559;4.521994566426283;4;256;0.3
home162;51;2.1152751445770264;1.976130575901961;4;512;0.2
home162;30;1.476154088973999;1.392770914402066;4;512;0.25
home162;35;4.747439384460449;4.540459497228759;4;512;0.3
home162;33;5.4434494972229;5.309368554169567;5;64;0.2
home162;24;10.396015167236328;10.151746019423276;5;64;0.25
home162;29;9.103006362915039;8.868962931234275;5;64;0.3
home162;39;4.907901287078857;4.763761221819121;5;128;0.2
home162;28;7.792792797088623;7.619424752501884;5;128;0.25
home162;31;11.163520812988281;10.972606865050416;5;128;0.3
home162;39;8.352970123291016;8.163911471613027;5;256;0.2
home162;39;9.442148208618164;9.21429631525572;5;256;0.25
home162;29;10.9854097366333;10.79337442416373;5;256;0.3
home162;39;3.1176915168762207;2.9464435520302743;5;512;0.2
home162;86;0.7110393643379211;0.6824034533300343;5;512;0.25
home162;36;4.270904541015625;4.089907746576352;5;512;0.3
home162;25;11.2518892288208;10.97930522129274;6;64;0.2
home162;26;9.538002967834473;9.324805209726646;6;64;0.25
home162;23;9.85676383972168;9.549405256646875;6;64;0.3
home162;34;6.144037246704102;6.055916288880339;6;128;0.2
home162;30;8.071760177612305;7.88062475168745;6;128;0.25
home162;26;11.046602249145508;10.774437548588763;6;128;0.3
home162;21;5.034567356109619;4.904846488655644;6;256;0.2
home162;32;3.1911299228668213;3.053399913299607;6;256;0.25
home162;27;8.884607315063477;8.665547226684657;6;256;0.3
home162;29;11.027850151062012;10.783582439172928;6;512;0.2
home162;38;2.684384346008301;2.5780933886167343;6;512;0.25
home162;30;4.740970611572266;4.53036800508902;6;512;0.3
home171;21;19.263355255126953;19.55979896905849;3;64;0.2
home171;21;15.347935676574707;15.992276884214782;3;64;0.25
home171;36;5.371368885040283;5.760461192664221;3;64;0.3
home171;28;12.4959716796875;12.864683954875902;3;128;0.2
home171;24;3.124420166015625;3.452064894914838;3;128;0.25
home171;40;5.35600471496582;5.598239993288154;3;128;0.3
home171;22;9.216741561889648;9.3320139172675;3;256;0.2
home171;26;5.606358051300049;5.897567638386175;3;256;0.25
home171;23;6.828850746154785;7.173152701866309;3;256;0.3
home171;22;6.853882789611816;7.105330312919331;3;512;0.2
home171;22;9.954835891723633;10.237000548771576;3;512;0.25
home171;35;5.556155204772949;5.854206474947544;3;512;0.3
home171;30;3.7192461490631104;4.021642921098316;4;64;0.2
home171;44;6.2224650382995605;6.570474621334879;4;64;0.25
home171;43;6.072563171386719;6.464262197478164;4;64;0.3
home171;22;7.291879653930664;7.880073503474414;4;128;0.2
home171;38;5.538183212280273;5.868055918065126;4;128;0.25
home171;46;4.127652168273926;4.3598486800999;4;128;0.3
home171;23;3.259263515472412;3.5727414852229495;4;256;0.2
home171;21;5.381369113922119;5.780170087030199;4;256;0.25
home171;21;5.15440559387207;5.628933819526001;4;256;0.3
home171;43;3.9723987579345703;4.442918058689164;4;512;0.2
home171;47;1.6668431758880615;1.8687874764928134;4;512;0.25
home171;21;4.587743282318115;5.058218501624;4;512;0.3
home171;45;5.032973766326904;5.248244994834694;5;64;0.2
home171;36;4.998959064483643;5.45971039330637;5;64;0.25
home171;38;4.078182697296143;4.481107351646732;5;64;0.3
home171;31;15.706642150878906;16.518524638822267;5;128;0.2
home171;34;4.462438106536865;4.872582780973489;5;128;0.25
home171;47;3.873124837875366;4.318150053906018;5;128;0.3
home171;42;1.3379108905792236;1.4154605432619494;5;256;0.2
home171;45;4.746199131011963;4.936386673881277;5;256;0.25
home171;21;3.5462913513183594;3.8926945101419683;5;256;0.3
home171;24;3.3729162216186523;3.7845298661077376;5;512;0.2
home171;57;2.6167943477630615;2.823648316674166;5;512;0.25
home171;21;4.084189414978027;4.507597638928945;5;512;0.3
home171;56;4.069922924041748;4.23036036708546;6;64;0.2
home171;54;5.301701545715332;5.719832467257194;6;64;0.25
home171;64;4.255599021911621;4.882429526880438;6;64;0.3
home171;36;6.521467685699463;7.16513614717855;6;128;0.2
home171;38;3.8237578868865967;4.31306865659489;6;128;0.25
home171;37;4.262842655181885;4.7317918382336694;6;128;0.3
home171;90;0.7345914840698242;0.7843524706912076;6;256;0.2
home171;71;1.4163016080856323;1.5125367177136515;6;256;0.25
home171;61;2.30277943611145;2.3290369888092943;6;256;0.3
home171;23;8.409146308898926;9.139739537633154;6;512;0.2
home171;46;4.310822010040283;4.833481452945025;6;512;0.25
home171;36;3.5807840824127197;4.0432580518546395;6;512;0.3
home225;39;4.746129989624023;4.832183578616297;3;64;0.2
home225;29;5.268123149871826;5.347905066265263;3;64;0.25
home225;25;7.919800281524658;8.037038292124608;3;64;0.3
home225;21;3.6137473583221436;3.7031424186811495;3;128;0.2
home225;29;5.962541580200195;6.079426459985193;3;128;0.25
home225;26;8.18187427520752;8.314379770415817;3;128;0.3
home225;41;1.5716612339019775;1.6075375130975182;3;256;0.2
home225;21;0.5118876099586487;0.5305064544010478;3;256;0.25
home225;22;1.1598923206329346;1.1331922847139089;3;256;0.3
home225;45;1.6211190223693848;1.621178324731618;3;512;0.2
home225;38;1.6631985902786255;1.697342022932783;3;512;0.25
home225;80;0.6358872056007385;0.6207717878731912;3;512;0.3
home225;27;5.7387003898620605;5.846043017241495;4;64;0.2
home225;25;6.993104934692383;7.110814811661301;4;64;0.25
home225;24;7.126089096069336;7.249966531926453;4;64;0.3
home225;21;3.261293411254883;3.337225046791605;4;128;0.2
home225;30;5.44770622253418;5.563922041797671;4;128;0.25
home225;29;6.7417755126953125;6.886833678853465;4;128;0.3
home225;46;1.5066834688186646;1.4074102437423297;4;256;0.2
home225;29;6.264828681945801;6.391062490757509;4;256;0.25
home225;33;2.2304556369781494;2.1724257723976894;4;256;0.3
home225;31;3.781646490097046;3.8596717034757813;4;512;0.2
home225;50;1.3785589933395386;1.3885801988988364;4;512;0.25
home225;33;1.1710530519485474;1.144371846057909;4;512;0.3
home225;29;4.650792598724365;4.748129291646339;5;64;0.2
home225;27;7.743691921234131;7.897216276630432;5;64;0.25
home225;33;4.278984069824219;4.343266986410654;5;64;0.3
home225;42;0.5640288591384888;0.5450134971605749;5;128;0.2
home225;38;4.170312881469727;4.265330669163179;5;128;0.25
home225;25;7.302001953125;7.437450851463414;5;128;0.3
home225;43;2.6821908950805664;2.7379189306972034;5;256;0.2
home225;32;3.924382448196411;4.002160454418153;5;256;0.25
home225;27;2.002094268798828;1.917971557624535;5;256;0.3
home225;40;0.48018017411231995;0.4847959263559292;5;512;0.2
home225;46;8.982792854309082;9.212895104040328;5;512;0.25
home225;22;13.996270179748535;14.287804810018189;5;512;0.3
home225;43;4.681851863861084;4.776060596461172;6;64;0.2
home225;25;8.275235176086426;8.453031282253134;6;64;0.25
home225;24;6.977952003479004;7.1214317812308146;6;64;0.3
home225;44;7.3138275146484375;7.4491321696410955;6;128;0.2
home225;32;5.385519981384277;5.496202889657842;6;128;0.25
home225;30;5.729952335357666;5.873257671969622;6;128;0.3
home225;41;4.1127119064331055;4.20702467974503;6;256;0.2
home225;32;6.122193813323975;6.248326620415965;6;256;0.25
home225;32;7.5676493644714355;7.732611624514908;6;256;0.3
home225;57;2.3082730770111084;2.3706919985833217;6;512;0.2
home225;37;7.174383163452148;7.338427560140577;6;512;0.25
home225;26;2.8315863609313965;2.9847808510637868;6;512;0.3
home228;21;7.583625316619873;7.729373758711092;3;64;0.2
home228;26;8.121224403381348;8.3260119764725;3;64;0.25
home228;25;7.798579692840576;7.98761613811861;3;64;0.3
home228;43;3.3313448429107666;3.4140037576686266;3;128;0.2
home228;39;6.625370502471924;6.7758385788316495;3;128;0.25
home228;24;12.29923152923584;12.555253279427827;3;128;0.3
home228;49;0.20296300947666168;0.21120528376192352;3;256;0.2
home228;21;2.9609622955322266;3.0527453845602275;3;256;0.25
home228;39;1.4700530767440796;1.481646076075405;3;256;0.3
home228;21;2.886894941329956;2.9624521542014137;3;512;0.2
home228;34;1.200873613357544;1.248888732181417;3;512;0.25
home228;40;1.9979323148727417;2.00510537346146;3;512;0.3
home228;34;6.2214460372924805;6.36373198708995;4;64;0.2
home228;39;4.49891471862793;4.604082666415581;4;64;0.25
home228;25;14.957566261291504;15.228574384074694;4;64;0.3
home228;31;5.1612420082092285;5.2756588738297925;4;128;0.2
home228;36;1.6195074319839478;1.6707561491786511;4;128;0.25
home228;26;8.371037483215332;8.520057406732404;4;128;0.3
home228;63;0.3589746356010437;0.3721910968257586;4;256;0.2
home228;37;2.027958393096924;2.089654043969743;4;256;0.25
home228;34;1.94451105594635;2.005551910027569;4;256;0.3
home228;54;0.5429553985595703;0.5649897121070381;4;512;0.2
home228;34;1.122079849243164;1.1689059642402078;4;512;0.25
home228;75;1.478649377822876;1.522978314880729;4;512;0.3
home228;28;6.113496780395508;6.260088974520161;5;64;0.2
home228;28;5.697401523590088;5.802900877371671;5;64;0.25
home228;25;12.802682876586914;13.211433859660753;5;64;0.3
home228;51;0.9783356189727783;1.0275323013373256;5;128;0.2
home228;30;10.811835289001465;10.979157817275823;5;128;0.25
home228;29;8.073234558105469;8.220104999986008;5;128;0.3
home228;52;2.446551561355591;2.5385427205318667;5;256;0.2
home228;55;0.5696282386779785;0.5962412800014804;5;256;0.25
home228;48;6.434690475463867;6.569259883493591;5;256;0.3
home228;21;10.065642356872559;10.261219183509823;5;512;0.2
home228;21;2.662665605545044;2.711048021797623;5;512;0.25
home228;21;11.752424240112305;11.985914641901646;5;512;0.3
home228;33;6.060500144958496;6.20572149378131;6;64;0.2
home228;37;4.386261940002441;4.469019704179953;6;64;0.25
home228;38;5.62441873550415;5.69424937839814;6;64;0.3
home228;38;5.864912986755371;5.996786322242667;6;128;0.2
home228;36;6.117545127868652;6.241180991188779;6;128;0.25
home228;36;10.335031509399414;10.640374526187804;6;128;0.3
home228;55;3.137406349182129;3.070933157767632;6;256;0.2
home228;38;3.1385161876678467;3.07347117581771;6;256;0.25
home228;49;3.1395695209503174;3.062389920875498;6;256;0.3
home228;100;0.5479238629341125;0.5791915618442167;6;512;0.2
home228;43;2.591644287109375;2.5886705257733054;6;512;0.25
home228;43;1.6260974407196045;1.4678176920221473;6;512;0.3
home242;56;5.609991550445557;5.538702437358499;3;64;0.2
home242;28;8.492737770080566;8.417263462189426;3;64;0.25
home242;26;8.81508731842041;8.738981527244489;3;64;0.3
home242;64;2.2250733375549316;2.208372591591999;3;128;0.2
home242;21;2.121849298477173;2.084059464019069;3;128;0.25
home242;21;9.703493118286133;9.585720328805253;3;128;0.3
home242;22;1.3071156740188599;1.2951994955403006;3;256;0.2
home242;39;1.501935362815857;1.4641510196792424;3;256;0.25
home242;22;2.472327470779419;2.437399877593345;3;256;0.3
home242;43;1.7830513715744019;1.7641617646161538;3;512;0.2
home242;54;1.5318001508712769;1.5368186021870767;3;512;0.25
home242;42;2.43251633644104;2.3796398836096797;3;512;0.3
home242;27;6.637107849121094;6.5583156206579485;4;64;0.2
home242;37;8.911510467529297;8.872269259106544;4;64;0.25
home242;26;9.051285743713379;9.021994043467501;4;64;0.3
home242;28;5.4448466300964355;5.352940114159257;4;128;0.2
home242;33;6.336507797241211;6.263828951117448;4;128;0.25
home242;24;10.57902717590332;10.440785064067084;4;128;0.3
home242;35;1.3818423748016357;1.378881956429777;4;256;0.2
home242;34;5.674422740936279;5.590401840592847;4;256;0.25
home242;31;2.952669143676758;2.9204790641936937;4;256;0.3
home242;54;0.8169578313827515;0.8142710169561832;4;512;0.2
home242;36;9.499691009521484;9.402590391869678;4;512;0.25
home242;40;11.477944374084473;11.266494985527164;4;512;0.3
home242;29;6.756527900695801;6.643646564963368;5;64;0.2
home242;30;7.961892604827881;7.850424039319537;5;64;0.25
home242;30;5.420551300048828;5.300187672157814;5;64;0.3
home242;28;6.058341026306152;5.97402136535553;5;128;0.2
home242;34;7.795599460601807;7.69555994781649;5;128;0.25
home242;25;7.099393844604492;7.037745718430605;5;128;0.3
home242;52;7.877098560333252;7.701828976740356;5;256;0.2
home242;38;5.837204933166504;5.78220046537691;5;256;0.25
home242;30;8.047955513000488;7.9684158447660876;5;256;0.3
home242;21;4.736355781555176;4.730420315408757;5;512;0.2
home242;58;0.9692896008491516;0.97542433610501;5;512;0.25
home242;41;9.250632286071777;9.186890853138834;5;512;0.3
home242;28;8.1813325881958;8.057303149999708;6;64;0.2
home242;23;13.367056846618652;13.26034868014198;6;64;0.25
home242;25;10.583110809326172;10.486950666520752;6;64;0.3
home242;35;1.9353567361831665;1.9239290102697528;6;128;0.2
home242;33;4.8492865562438965;4.8036529816989;6;128;0.25
home242;31;9.686326026916504;9.546402308632162;6;128;0.3
home242;48;1.8869062662124634;1.8805613572559239;6;256;0.2
home242;38;8.00246810913086;7.907218141164843;6;256;0.25
home242;30;7.785704612731934;7.687466457329465;6;256;0.3
home242;21;5.084410667419434;5.077544217743816;6;512;0.2
home242;56;1.3016152381896973;1.277746374585794;6;512;0.25
home242;46;4.899635314941406;4.863973306195777;6;512;0.3
home249;29;3.6024677753448486;3.6399497581526017;3;64;0.2
home249;28;4.293233871459961;4.391906339738877;3;64;0.25
home249;26;4.265425682067871;4.375878318611495;3;64;0.3
home249;21;1.6551865339279175;1.6947013453924475;3;128;0.2
home249;26;4.749661445617676;4.828411946295032;3;128;0.25
home249;28;1.515718698501587;1.538048999380361;3;128;0.3
home249;43;0.5885226726531982;0.5781884124489883;3;256;0.2
home249;72;0.0922878235578537;0.09569791890001123;3;256;0.25
home249;23;2.614298105239868;2.669474654241238;3;256;0.3
home249;47;0.5932527184486389;0.5901085407262908;3;512;0.2
home249;41;6.2101216316223145;6.284823191948084;3;512;0.25
home249;37;3.893984794616699;3.9801675357911;3;512;0.3
home249;33;4.4666595458984375;4.552633330041459;4;64;0.2
home249;36;5.184826374053955;5.211522790924653;4;64;0.25
home249;27;1.5023367404937744;1.5257686602709852;4;64;0.3
home249;30;4.967013359069824;5.067130107006964;4;128;0.2
home249;29;7.163135528564453;7.231184808083119;4;128;0.25
home249;31;5.364645957946777;5.498892516782037;4;128;0.3
home249;46;5.870671272277832;5.906513576619;4;256;0.2
home249;43;1.0210933685302734;1.0583812798382413;4;256;0.25
home249;36;1.4904981851577759;1.508356516116437;4;256;0.3
home249;41;1.4891732931137085;1.5067453303504115;4;512;0.2
home249;39;1.5707064867019653;1.599152671858155;4;512;0.25
home249;25;1.500974416732788;1.5170966141417026;4;512;0.3
home249;32;8.66821002960205;8.73454752533411;5;64;0.2
home249;33;7.983799457550049;8.14220318157162;5;64;0.25
home249;22;1.752563714981079;1.7975988134203038;5;64;0.3
home249;72;0.6905065178871155;0.7250309298888428;5;128;0.2
home249;41;5.441716194152832;5.4698073828536895;5;128;0.25
home249;41;3.0817601680755615;3.138812275117879;5;128;0.3
home249;42;0.7859513163566589;0.8309737639374304;5;256;0.2
home249;59;0.33616262674331665;0.36474405388585524;5;256;0.25
home249;74;0.5229676365852356;0.5551745676985435;5;256;0.3
home249;42;3.2077271938323975;3.316857718858436;5;512;0.2
home249;26;2.063156843185425;2.124985197306106;5;512;0.25
home249;38;1.700089454650879;1.7408172566835984;5;512;0.3
home249;43;4.628198146820068;4.69308601500365;6;64;0.2
home249;27;2.1055569648742676;2.162714065225235;6;64;0.25
home249;26;1.5690762996673584;1.6030638883730848;6;64;0.3
home249;36;9.821316719055176;9.872549973417222;6;128;0.2
home249;40;1.8401380777359009;1.8996572271332184;6;128;0.25
home249;24;1.6820991039276123;1.7259834332197757;6;128;0.3
home249;59;4.928874492645264;4.984785038748622;6;256;0.2
home249;43;1.5050278902053833;1.5284165671244494;6;256;0.25
home249;24;2.1812705993652344;2.2386112296202905;6;256;0.3
home249;21;2.3821861743927;2.478812573026091;6;512;0.2
home249;52;1.4749648571014404;1.4883894513372138;6;512;0.25
home249;41;1.4883885383605957;1.5057870466803382;6;512;0.3
home255;44;3.3355345726013184;3.416012647030654;3;64;0.2
home255;27;6.386570930480957;6.462944709600906;3;64;0.25
home255;33;5.336405277252197;5.477207354443157;3;64;0.3
home255;21;1.8822604417800903;1.968279133002488;3;128;0.2
home255;34;3.920011043548584;3.9845041998172577;3;128;0.25
home255;31;9.62397575378418;9.786726222049635;3;128;0.3
home255;68;0.5575489401817322;0.613381447482654;3;256;0.2
home255;38;1.3350318670272827;1.3794560476855802;3;256;0.25
home255;26;4.930171489715576;4.996823885210905;3;256;0.3
home255;37;1.7236305475234985;1.8010639829677262;3;512;0.2
home255;60;1.4146060943603516;1.4715656347167143;3;512;0.25
home255;35;3.0702691078186035;3.10453057264464;3;512;0.3
home255;28;4.4686808586120605;4.536209131821144;4;64;0.2
home255;31;4.133195400238037;4.172201810394232;4;64;0.25
home255;29;7.549568176269531;7.654122806232853;4;64;0.3
home255;33;4.07839298248291;4.151384156448185;4;128;0.2
home255;32;4.465803623199463;4.484287879020575;4;128;0.25
home255;24;7.875029563903809;7.956651771838748;4;128;0.3
home255;66;0.27754902839660645;0.3221232038040798;4;256;0.2
home255;38;1.812947154045105;1.8535015467136782;4;256;0.25
home255;36;3.557745933532715;3.522741323706408;4;256;0.3
home255;42;0.4697345197200775;0.5144857192412459;4;512;0.2
home255;41;0.8634793162345886;0.8999346656123425;4;512;0.25
home255;64;2.1590800285339355;2.0959913251879176;4;512;0.3
home255;34;5.990198135375977;6.072162076917054;5;64;0.2
home255;26;6.292135238647461;6.343276519293718;5;64;0.25
home255;27;7.517442226409912;7.535099608916455;5;64;0.3
home255;32;3.7392518520355225;3.830314337957268;5;128;0.2
home255;31;3.904672384262085;3.9537540562585805;5;128;0.25
home255;32;8.408475875854492;8.440544226454103;5;128;0.3
home255;45;1.2522785663604736;1.2948572676438488;5;256;0.2
home255;36;1.065082311630249;1.1201885416302289;5;256;0.25
home255;44;1.5720362663269043;1.6112841977844983;5;256;0.3
home255;49;0.7507977485656738;0.79938434162502;5;512;0.2
home255;60;0.9790948629379272;1.0244760779847997;5;512;0.25
home255;58;0.537885308265686;0.5677544902881169;5;512;0.3
home255;45;3.761232376098633;3.8459925050992805;6;64;0.2
home255;28;5.573892593383789;5.629354807845814;6;64;0.25
home255;25;7.565435409545898;7.57415835266733;6;64;0.3
home255;35;4.940235614776611;5.020888741812919;6;128;0.2
home255;30;3.623185157775879;3.6998987676645703;6;128;0.25
home255;27;7.909899711608887;7.984143159404249;6;128;0.3
home255;39;1.5558042526245117;1.6532381194769852;6;256;0.2
home255;38;1.9248427152633667;1.9422557550706585;6;256;0.25
home255;32;2.6679139137268066;2.6991083035463275;6;256;0.3
home255;40;1.6298707723617554;1.7022742475496184;6;512;0.2
home255;100;0.4263674318790436;0.48057087314300356;6;512;0.25
home255;33;3.6426455974578857;3.6895840371598947;6;512;0.3
home266;44;5.76829719543457;5.950137116191778;3;64;0.2
home266;38;7.0652666091918945;7.37040329474071;3;64;0.25
home266;36;7.345764636993408;7.714469569361849;3;64;0.3
home266;23;3.398116111755371;3.564813535949984;3;128;0.2
home266;22;6.601566791534424;6.860256910734201;3;128;0.25
home266;32;9.367658615112305;9.618542768307458;3;128;0.3
home266;23;2.2676515579223633;2.4100954982765344;3;256;0.2
home266;21;1.238995909690857;1.3517581175068678;3;256;0.25
home266;46;1.4546611309051514;1.525444115159649;3;256;0.3
home266;21;4.725228309631348;4.886611622095922;3;512;0.2
home266;43;1.2752639055252075;1.3391980187507675;3;512;0.25
home266;40;2.901705741882324;2.9776446871171807;3;512;0.3
home266;40;5.102517127990723;5.285386972421098;4;64;0.2
home266;35;8.81466007232666;9.0920466814177;4;64;0.25
home266;37;8.755657196044922;8.959328052285937;4;64;0.3
home266;23;7.046228885650635;7.265190283736898;4;128;0.2
home266;30;7.497442722320557;7.657945266893334;4;128;0.25
home266;32;5.511758327484131;5.685786081592265;4;128;0.3
home266;51;0.9364950656890869;1.0010980550911812;4;256;0.2
home266;37;3.2075541019439697;3.3308855033247022;4;256;0.25
home266;35;2.256312847137451;2.31446239407114;4;256;0.3
home266;37;1.300963044166565;1.4015302745341238;4;512;0.2
home266;42;2.321917772293091;2.425962787695376;4;512;0.25
home266;56;1.8666061162948608;1.961243602107506;4;512;0.3
home266;31;5.58894157409668;5.8114323853107726;5;64;0.2
home266;44;5.2281270027160645;5.354424842267291;5;64;0.25
home266;26;6.236295223236084;6.433198902641648;5;64;0.3
home266;29;4.137327671051025;4.3017667648592095;5;128;0.2
home266;29;6.362566947937012;6.589224383121058;5;128;0.25
home266;32;7.882614612579346;8.02346352837152;5;128;0.3
home266;61;0.5216436386108398;0.5545982719845506;5;256;0.2
home266;43;2.2432425022125244;2.3534798170141866;5;256;0.25
home266;34;6.551143169403076;6.782448981432674;5;256;0.3
home266;96;0.5426424741744995;0.5619686309022336;5;512;0.2
home266;70;1.0109200477600098;1.0469646804611823;5;512;0.25
home266;44;5.466444969177246;5.409489783336894;5;512;0.3
home266;28;10.352254867553711;10.548405805927178;6;64;0.2
home266;26;11.117551803588867;11.521006148767194;6;64;0.25
home266;33;7.041412830352783;7.27670729900736;6;64;0.3
home266;33;4.743638038635254;4.899554312663646;6;128;0.2
home266;32;8.177422523498535;8.500019015580435;6;128;0.25
home266;34;8.17375659942627;8.377349022837443;6;128;0.3
home266;46;1.265357494354248;1.3430405575766098;6;256;0.2
home266;38;1.9733573198318481;2.034970401812997;6;256;0.25
home266;40;4.533989906311035;4.726126597388804;6;256;0.3
home266;22;6.454721927642822;6.598141047162277;6;512;0.2
home266;46;5.437055587768555;5.532615604726985;6;512;0.25
home266;42;4.062872886657715;4.3112764437912725;6;512;0.3
home276;32;2.9816195964813232;2.85519048312121;3;64;0.2
home276;28;3.3062312602996826;3.137665398163977;3;64;0.25
home276;30;3.1759581565856934;3.0032181701274;3;64;0.3
home276;21;1.495941400527954;1.4275610937622165;3;128;0.2
home276;26;2.197819948196411;2.113836646324475;3;128;0.25
home276;31;2.5103187561035156;2.383044977913448;3;128;0.3
home276;97;0.08581539243459702;0.09222049287237737;3;256;0.2
home276;51;0.40206506848335266;0.4337180657502733;3;256;0.25
home276;21;1.4094123840332031;1.3376536705547712;3;256;0.3
home276;21;2.1539499759674072;2.0673853157755615;3;512;0.2
home276;56;0.32713520526885986;0.3271466187841603;3;512;0.25
home276;32;3.270702362060547;3.1309504250764415;3;512;0.3
home276;39;3.5859434604644775;3.4666202901367646;4;64;0.2
home276;33;3.5434234142303467;3.3737583407374956;4;64;0.25
home276;37;3.3893442153930664;3.227541179385426;4;64;0.3
home276;48;2.1921632289886475;2.130430322539437;4;128;0.2
home276;35;3.900560140609741;3.7614136961039586;4;128;0.25
home276;30;2.3640472888946533;2.2455711430935357;4;128;0.3
home276;53;0.3792586326599121;0.37140071999850116;4;256;0.2
home276;46;2.8929853439331055;2.794349024243715;4;256;0.25
home276;40;1.2600898742675781;1.3099759175750325;4;256;0.3
home276;62;0.8834502100944519;0.8641549522610628;4;512;0.2
home276;53;1.2630648612976074;1.3076566145656996;4;512;0.25
home276;33;1.3645555973052979;1.367000586580565;4;512;0.3
home276;43;4.1143035888671875;3.9785896034491635;5;64;0.2
home276;48;4.662280559539795;4.467721910920613;5;64;0.25
home276;39;3.3193349838256836;3.1491278384368284;5;64;0.3
home276;35;2.203371524810791;2.1265918214060533;5;128;0.2
home276;31;3.246265411376953;3.125537669088498;5;128;0.25
home276;38;3.228644847869873;3.08527115940233;5;128;0.3
home276;61;0.35783982276916504;0.3547518171686598;5;256;0.2
home276;54;1.2601240873336792;1.316214626489876;5;256;0.25
home276;48;3.2923591136932373;3.1400616675131996;5;256;0.3
home276;21;3.2304039001464844;3.0649020563645655;5;512;0.2
home276;47;1.5001240968704224;1.476267020198641;5;512;0.25
home276;89;0.7370346188545227;0.7519972080686216;5;512;0.3
home276;33;2.55157208442688;2.3969101839430493;6;64;0.2
home276;35;1.6108930110931396;1.5234326572674408;6;64;0.25
home276;29;1.278809666633606;1.2523280281015547;6;64;0.3
home276;40;3.004693031311035;2.9136157344830718;6;128;0.2
home276;39;5.386327743530273;5.121321451215514;6;128;0.25
home276;23;1.4971764087677002;1.4356995056859858;6;128;0.3
home276;60;1.8272067308425903;1.7661002958937568;6;256;0.2
home276;65;0.3516000211238861;0.35231698101817727;6;256;0.25
home276;24;4.0611772537231445;3.88794897522493;6;256;0.3
home276;40;2.623400926589966;2.4985162667535086;6;512;0.2
home276;44;1.4642980098724365;1.3886614076530686;6;512;0.25
home276;43;1.25740647315979;1.3064785058850834;6;512;0.3
home311;51;5.149861812591553;5.110454629851384;3;64;0.2
home311;31;6.064436435699463;6.008439627538697;3;64;0.25
home311;32;5.09173059463501;4.987669802054487;3;64;0.3
home311;21;9.960522651672363;9.774061401647725;3;128;0.2
home311;41;5.206479549407959;5.155696230467772;3;128;0.25
home311;35;5.190338611602783;5.074841391492927;3;128;0.3
home311;23;2.8599328994750977;2.7637174924622014;3;256;0.2
home311;21;9.15009880065918;8.986946261949479;3;256;0.25
home311;21;7.208176612854004;7.015917727071637;3;256;0.3
home311;53;7.35945987701416;7.308127281797451;3;512;0.2
home311;78;0.7636591196060181;0.7332711842281887;3;512;0.25
home311;30;3.499267578125;3.4236927685077054;3;512;0.3
home311;34;5.185488224029541;5.121564765947886;4;64;0.2
home311;34;4.9097418785095215;4.822852499539354;4;64;0.25
home311;33;3.7380242347717285;3.477822849062575;4;64;0.3
home311;41;6.123560905456543;6.057064540707734;4;128;0.2
home311;37;2.876763105392456;2.604788809356017;4;128;0.25
home311;43;6.504677772521973;6.403154265003291;4;128;0.3
home311;56;0.4644460678100586;0.4310240927881645;4;256;0.2
home311;33;2.877650260925293;2.6087857591269312;4;256;0.25
home311;25;2.5890815258026123;2.4186947677867496;4;256;0.3
home311;46;5.060121536254883;4.939773158186276;4;512;0.2
home311;84;0.9752617478370667;0.9215071429509551;4;512;0.25
home311;45;2.6980481147766113;2.5207103848942825;4;512;0.3
home311;38;6.273062229156494;6.127773221202371;5;64;0.2
home311;40;3.2088515758514404;3.0348552197755647;5;64;0.25
home311;43;4.209935188293457;3.9174434070271404;5;64;0.3
home311;30;4.838547706604004;4.72967490282558;5;128;0.2
home311;28;3.8273463249206543;3.7017229863316183;5;128;0.25
home311;38;2.936929702758789;2.6600722191603197;5;128;0.3
home311;43;1.449941873550415;1.3938837852927448;5;256;0.2
home311;41;2.9056456089019775;2.6308225922632085;5;256;0.25
home311;23;3.5982143878936768;3.367300875248326;5;256;0.3
home311;21;2.4945662021636963;2.487344728187146;5;512;0.2
home311;27;3.3052852153778076;3.154532562555559;5;512;0.25
home311;94;1.1158974170684814;1.0626408566043086;5;512;0.3
home311;36;4.3836493492126465;4.239759022272123;6;64;0.2
home311;40;4.096610069274902;3.829062099700281;6;64;0.25
home311;23;3.06189227104187;2.783861137315589;6;64;0.3
home311;50;6.065615653991699;6.093532443659602;6;128;0.2
home311;26;3.797729015350342;3.514607011279172;6;128;0.25
home311;36;3.469017744064331;3.223686537489152;6;128;0.3
home311;48;2.889601230621338;2.6158658211601717;6;256;0.2
home311;46;3.6078619956970215;3.3961719786253544;6;256;0.25
home311;22;4.575572967529297;4.316198520751172;6;256;0.3
home311;39;3.9783875942230225;3.8096285324002035;6;512;0.2
home311;22;4.184648513793945;3.9070964840398723;6;512;0.25
home311;23;3.0474693775177;2.763309238560679;6;512;0.3
home328;47;2.5976431369781494;2.7716861306402625;3;64;0.2
home328;37;4.1098785400390625;4.5266794544619815;3;64;0.25
home328;37;4.062976360321045;4.4978613759327715;3;64;0.3
home328;22;8.362655639648438;8.722540792905862;3;128;0.2
home328;21;3.8053042888641357;4.064424407391879;3;128;0.25
home328;35;3.9418532848358154;4.357084069878579;3;128;0.3
home328;21;7.908914089202881;8.12069202783134;3;256;0.2
home328;27;3.077704429626465;3.232924717752077;3;256;0.25
home328;22;1.8322917222976685;1.9341956604019699;3;256;0.3
home328;23;5.625668048858643;5.849308203364718;3;512;0.2
home328;21;6.254886150360107;6.582651059056388;3;512;0.25
home328;71;1.1059750318527222;1.1639402405329213;3;512;0.3
home328;56;2.6813504695892334;2.870837548585871;4;64;0.2
home328;46;3.525496006011963;3.8988620424499207;4;64;0.25
home328;34;3.8287925720214844;4.254494198117758;4;64;0.3
home328;67;0.8959782123565674;0.9421631309938029;4;128;0.2
home328;47;3.534705877304077;3.847961284595543;4;128;0.25
home328;22;2.041106939315796;2.132472677078423;4;128;0.3
home328;58;0.4670783281326294;0.4719887255826952;4;256;0.2
home328;42;2.0958735942840576;2.257445758355431;4;256;0.25
home328;27;2.9106976985931396;3.1970287935845807;4;256;0.3
home328;23;2.5267083644866943;2.7234733899135595;4;512;0.2
home328;74;0.7054746150970459;0.7222582707265642;4;512;0.25
home328;78;0.7275334000587463;0.7700787145897516;4;512;0.3
home328;47;2.958875894546509;3.1898459922573275;5;64;0.2
home328;42;2.3521857261657715;2.4867118082120023;5;64;0.25
home328;43;2.7611660957336426;3.077270199045957;5;64;0.3
home328;43;2.9082536697387695;3.1405570921851873;5;128;0.2
home328;59;4.874011993408203;5.3975083650845255;5;128;0.25
home328;43;3.3394644260406494;3.7130242845881147;5;128;0.3
home328;67;0.38065922260284424;0.3802346563850603;5;256;0.2
home328;76;0.6740046739578247;0.6991599975163666;5;256;0.25
home328;22;1.9042346477508545;2.0312614344618876;5;256;0.3
home328;40;2.3287413120269775;2.5322906945306203;5;512;0.2
home328;22;1.612056851387024;1.7031889456888245;5;512;0.25
home328;61;1.6465970277786255;1.761674918892096;5;512;0.3
home328;48;3.399141788482666;3.7413315481622194;6;64;0.2
home328;44;2.5527617931365967;2.728165401069871;6;64;0.25
home328;37;3.1568076610565186;3.487513730003469;6;64;0.3
home328;54;1.3696272373199463;1.4393584880286436;6;128;0.2
home328;35;3.0687825679779053;3.4144327920496873;6;128;0.25
home328;38;2.427990674972534;2.633477865143874;6;128;0.3
home328;35;2.8440616130828857;3.1244971467441487;6;256;0.2
home328;34;1.9489185810089111;2.087190477561432;6;256;0.25
home328;23;10.357033729553223;11.049236198593807;6;256;0.3
home328;37;2.3501250743865967;2.520657563987402;6;512;0.2
home328;24;2.0734364986419678;2.215651606347008;6;512;0.25
home328;47;1.8067909479141235;1.9172089292845202;6;512;0.3
home61;36;5.459839344024658;5.595832755750543;3;64;0.2
home61;26;5.406919479370117;5.458370971972096;3;64;0.25
home61;25;5.333899974822998;5.396473286765771;3;64;0.3
home61;22;2.2066166400909424;2.30435759845526;3;128;0.2
home61;32;5.519416809082031;5.590509945529796;3;128;0.25
home61;27;4.871929168701172;4.929455629011829;3;128;0.3
home61;53;0.5177476406097412;0.5632475574542731;3;256;0.2
home61;65;0.3513023853302002;0.3900274918646981;3;256;0.25
home61;30;5.695415496826172;5.780141109318118;3;256;0.3
home61;52;1.4100110530853271;1.3872889445357968;3;512;0.2
home61;42;5.9670000076293945;6.136300057301152;3;512;0.25
home61;38;10.348237991333008;10.524797194106442;3;512;0.3
home61;26;7.227149963378906;7.379656224451712;4;64;0.2
home61;28;5.695998668670654;5.863156463644083;4;64;0.25
home61;28;8.736947059631348;8.890464384413844;4;64;0.3
home61;36;7.638045787811279;7.931135988326052;4;128;0.2
home61;32;7.062590599060059;7.256704228055196;4;128;0.25
home61;32;9.458063125610352;9.666251946054633;4;128;0.3
home61;88;1.3502873182296753;1.4375778804528836;4;256;0.2
home61;36;4.606077194213867;4.780606643878312;4;256;0.25
home61;34;3.8156423568725586;3.8659182845682976;4;256;0.3
home61;47;0.8347679972648621;0.8827854760791072;4;512;0.2
home61;43;2.758653402328491;2.7873320876869685;4;512;0.25
home61;38;2.705617904663086;2.7184192456822114;4;512;0.3
home61;28;9.707254409790039;9.83196187411938;5;64;0.2
home61;30;10.123163223266602;10.283587985688724;5;64;0.25
home61;30;5.177286148071289;5.244668983180911;5;64;0.3
home61;28;8.665148735046387;8.889542450861352;5;128;0.2
home61;29;2.7559642791748047;2.784071081620249;5;128;0.25
home61;32;6.772388458251953;6.937311525746484;5;128;0.3
home61;58;0.9377930164337158;0.9943415894700437;5;256;0.2
home61;36;8.618538856506348;8.748167405889824;5;256;0.25
home61;36;2.7387735843658447;2.762544099909583;5;256;0.3
home61;54;2.741523265838623;2.7662185147888803;5;512;0.2
home61;57;1.8635321855545044;1.929175806620668;5;512;0.25
home61;63;2.344686269760132;2.3728214588766448;5;512;0.3
home61;27;8.52664852142334;8.71200699102068;6;64;0.2
home61;29;7.297239303588867;7.430478153143162;6;64;0.25
home61;30;2.7220780849456787;2.740660524353363;6;64;0.3
home61;46;8.22757339477539;8.540068876320769;6;128;0.2
home61;47;14.07064151763916;14.361632119634946;6;128;0.25
home61;27;3.784574508666992;3.826351210249259;6;128;0.3
home61;35;5.335930347442627;5.604796991356998;6;256;0.2
home61;21;8.365518569946289;8.560666066460804;6;256;0.25
home61;30;2.7829501628875732;2.806022178114896;6;256;0.3
home61;38;9.585304260253906;9.828159966847034;6;512;0.2
home61;29;5.527794361114502;5.608135071774558;6;512;0.25
home61;51;3.199474573135376;3.203271919578436;6;512;0.3
home62;24;2.9371562004089355;2.9678281789384027;3;64;0.2
home62;27;3.451172113418579;3.490664024414697;3;64;0.25
home62;24;4.56172513961792;4.655616200220548;3;64;0.3
home62;21;4.828970909118652;4.832119183898639;3;128;0.2
home62;22;5.1851630210876465;5.227295510103285;3;128;0.25
home62;26;4.759077548980713;4.878067032614863;3;128;0.3
home62;27;0.5346523523330688;0.5499458446985789;3;256;0.2
home62;28;3.263336658477783;3.3452221117621117;3;256;0.25
home62;21;1.1330968141555786;1.1796097445023348;3;256;0.3
home62;38;0.8052321076393127;0.8278885133235788;3;512;0.2
home62;28;1.351502776145935;1.4169191091366924;3;512;0.25
home62;31;1.6859136819839478;1.771253626621355;3;512;0.3
home62;31;2.494227886199951;2.5360755036252187;4;64;0.2
home62;22;6.969319820404053;6.945438800332709;4;64;0.25
home62;23;4.153746128082275;4.241928331932871;4;64;0.3
home62;28;3.2030696868896484;3.2524701316181055;4;128;0.2
home62;26;5.632898807525635;5.678704744374838;4;128;0.25
home62;26;7.289917945861816;7.340980755008051;4;128;0.3
home62;29;2.4177937507629395;2.439419479441086;4;256;0.2
home62;25;4.543722629547119;4.551543200283817;4;256;0.25
home62;24;4.787743091583252;4.893033496891316;4;256;0.3
home62;34;9.012007713317871;9.140613285365234;4;512;0.2
home62;30;8.800585746765137;8.906582599056085;4;512;0.25
home62;52;1.5057679414749146;1.5751086541132735;4;512;0.3
home62;22;7.754837989807129;7.797093242560285;5;64;0.2
home62;24;6.141400337219238;6.132956693393171;5;64;0.25
home62;26;4.599300861358643;4.587423545093081;5;64;0.3
home62;30;4.194619655609131;4.267824705241649;5;128;0.2
home62;24;3.951411247253418;3.9935129513384653;5;128;0.25
home62;33;6.260504245758057;6.2208203509817634;5;128;0.3
home62;29;2.4985828399658203;2.556553577330613;5;256;0.2
home62;31;5.3065714836120605;5.384950516044762;5;256;0.25
home62;30;7.266194820404053;7.245685907724899;5;256;0.3
home62;39;3.3488662242889404;3.4453910525472877;5;512;0.2
home62;31;2.3769073486328125;2.44140054600021;5;512;0.25
home62;77;0.49761998653411865;0.5080194094850967;5;512;0.3
home62;24;6.884023189544678;6.796395673603468;6;64;0.2
home62;36;4.459043502807617;4.484580045511726;6;64;0.25
home62;23;10.702388763427734;10.674968136096318;6;64;0.3
home62;34;2.6349291801452637;2.6721342245735507;6;128;0.2
home62;28;6.156702041625977;6.240647334170746;6;128;0.25
home62;31;5.722142696380615;5.797837955457585;6;128;0.3
home62;29;3.7482750415802;3.818983834660122;6;256;0.2
home62;30;4.058779716491699;4.12989298015049;6;256;0.25
home62;26;4.362183570861816;4.4264336105194;6;256;0.3
home62;28;1.3290683031082153;1.361426388354305;6;512;0.2
home62;59;1.5591070652008057;1.6109985710493955;6;512;0.25
home62;39;1.6931519508361816;1.7752910229495553;6;512;0.3
home63;56;3.122018575668335;2.9119106058862485;3;64;0.2
home63;27;4.508471965789795;4.198828915476837;3;64;0.25
home63;34;6.783687114715576;6.359943277404707;3;64;0.3
home63;44;3.237933397293091;3.0118480966280843;3;128;0.2
home63;24;4.812375068664551;4.481578441933864;3;128;0.25
home63;21;7.62393856048584;7.161932923152597;3;128;0.3
home63;22;0.8000257015228271;0.7357715265574251;3;256;0.2
home63;31;2.308858633041382;2.1160120395586897;3;256;0.25
home63;25;2.791614294052124;2.6106807427782077;3;256;0.3
home63;28;1.2080150842666626;1.1050953060640105;3;512;0.2
home63;33;2.8834588527679443;2.6709247659908777;3;512;0.25
home63;27;3.13649582862854;2.9339581167818736;3;512;0.3
home63;26;4.265316963195801;3.9817820274902616;4;64;0.2
home63;23;6.633634090423584;6.167905196258025;4;64;0.25
home63;35;7.704300403594971;7.1783774281073685;4;64;0.3
home63;23;4.6750593185424805;4.362485839542058;4;128;0.2
home63;27;5.7919793128967285;5.396081502163519;4;128;0.25
home63;22;7.243199825286865;6.721778275746342;4;128;0.3
home63;44;0.6825665235519409;0.6187427123129811;4;256;0.2
home63;26;5.114321231842041;4.779373814054153;4;256;0.25
home63;35;1.7013083696365356;1.693747057840694;4;256;0.3
home63;38;0.6880761981010437;0.6529939421943567;4;512;0.2
home63;31;2.767422676086426;2.5844731309048186;4;512;0.25
home63;28;1.6677820682525635;1.6678178391787295;4;512;0.3
home63;27;3.987335443496704;3.6868403213573884;5;64;0.2
home63;33;5.114901065826416;4.751794000700961;5;64;0.25
home63;25;6.863348007202148;6.392420471040688;5;64;0.3
home63;28;4.484835624694824;4.187485227003837;5;128;0.2
home63;32;1.9645802974700928;1.851640190493259;5;128;0.25
home63;23;5.08737850189209;4.758573213588792;5;128;0.3
home63;38;1.8047523498535156;1.7211508676421854;5;256;0.2
home63;27;3.071824073791504;2.815235947972537;5;256;0.25
home63;32;2.650836944580078;2.5272747234317925;5;256;0.3
home63;33;3.3167245388031006;3.0500902139364614;5;512;0.2
home63;21;8.217308044433594;7.720518522997192;5;512;0.25
home63;26;4.119387149810791;3.838948608422082;5;512;0.3
home63;25;5.089855670928955;4.772076601202514;6;64;0.2
home63;29;5.592993259429932;5.181596689332601;6;64;0.25
home63;34;6.943510055541992;6.478909552115393;6;64;0.3
home63;38;3.0043818950653076;2.7968442680490515;6;128;0.2
home63;36;3.7779014110565186;3.4793431417178806;6;128;0.25
home63;25;5.915121555328369;5.548235836615529;6;128;0.3
home63;32;1.307878017425537;1.2606836958462488;6;256;0.2
home63;31;6.628705978393555;6.187907705556248;6;256;0.25
home63;23;8.74152660369873;8.194091135729064;6;256;0.3
home63;46;2.985837459564209;2.750734521197966;6;512;0.2
home63;94;0.5143064260482788;0.48096650953536974;6;512;0.25
home63;39;0.7657037377357483;0.7396583289660702;6;512;0.3
home65;26;2.2966806888580322;2.271004459246575;3;64;0.2
home65;30;2.307105302810669;2.2681138567074113;3;64;0.25
home65;48;1.473914623260498;1.4433426696454292;3;64;0.3
home65;28;2.741199254989624;2.7181679952604925;3;128;0.2
home65;26;3.02056622505188;2.980625963863772;3;128;0.25
home65;40;1.5155688524246216;1.4890790786533104;3;128;0.3
home65;33;1.7211805582046509;1.7046367651976402;3;256;0.2
home65;23;1.4434162378311157;1.4142886427545558;3;256;0.25
home65;28;2.1524040699005127;2.1076501489426405;3;256;0.3
home65;45;0.4859197437763214;0.48223060985668953;3;512;0.2
home65;30;1.331125259399414;1.307220354832631;3;512;0.25
home65;30;1.3401929140090942;1.3155539773126441;3;512;0.3
home65;27;3.6029281616210938;3.5764331613454927;4;64;0.2
home65;23;2.5944740772247314;2.5514123140040272;4;64;0.25
home65;62;1.3023934364318848;1.279057834751365;4;64;0.3
home65;23;4.25693416595459;4.219260393808734;4;128;0.2
home65;30;2.9308502674102783;2.9097757955125654;4;128;0.25
home65;27;2.890514850616455;2.859633266915109;4;128;0.3
home65;27;2.9904520511627197;2.9667458255032604;4;256;0.2
home65;31;1.3043127059936523;1.2813187763257334;4;256;0.25
home65;59;1.3024070262908936;1.2791530715399075;4;256;0.3
home65;29;1.3608076572418213;1.3358378283376924;4;512;0.2
home65;106;0.2564235031604767;0.25413741598853706;4;512;0.25
home65;31;1.3122150897979736;1.2882302532324383;4;512;0.3
home65;36;2.0674710273742676;2.046712950649703;5;64;0.2
home65;51;1.316622257232666;1.2978203072500538;5;64;0.25
home65;44;2.9471323490142822;2.9103750209692727;5;64;0.3
home65;26;3.8072524070739746;3.792862197153142;5;128;0.2
home65;22;2.95688796043396;2.920293638883055;5;128;0.25
home65;23;2.0542874336242676;2.018053903701133;5;128;0.3
home65;31;1.2959026098251343;1.2678270491595762;5;256;0.2
home65;34;1.3040409088134766;1.2804590461477505;5;256;0.25
home65;27;2.0830538272857666;2.0519373409592996;5;256;0.3
home65;31;1.5441102981567383;1.51608643480837;5;512;0.2
home65;35;1.3603546619415283;1.3353914734610206;5;512;0.25
home65;53;1.303383708000183;1.2798641744650183;5;512;0.3
home65;24;4.072566032409668;4.031880373457619;6;64;0.2
home65;35;3.8705668449401855;3.8489476027483196;6;64;0.25
home65;40;2.0435147285461426;2.007685275735741;6;64;0.3
home65;33;5.195977210998535;5.128917601400512;6;128;0.2
home65;33;1.3053510189056396;1.281674507828209;6;128;0.25
home65;41;3.3115198612213135;3.264934918762412;6;128;0.3
home65;36;1.307471513748169;1.283678993180003;6;256;0.2
home65;30;1.3024227619171143;1.2791764078200212;6;256;0.25
home65;24;1.3065545558929443;1.2828083336131535;6;256;0.3
home65;38;1.3984503746032715;1.3730092409731653;6;512;0.2
home65;33;1.4486474990844727;1.4227039310512588;6;512;0.25
home65;27;1.6044907569885254;1.5775670078515813;6;512;0.3
home73;34;3.5959300994873047;3.376163006015103;3;64;0.2
home73;32;5.66377592086792;5.374542188146986;3;64;0.25
home73;28;5.802707672119141;5.453438195985554;3;64;0.3
home73;50;0.3546103537082672;0.3305706865828937;3;128;0.2
home73;21;4.054567337036133;3.7872052430855785;3;128;0.25
home73;30;7.157575607299805;6.8269573474443925;3;128;0.3
home73;71;0.1791454553604126;0.1941678454077878;3;256;0.2
home73;25;1.5081473588943481;1.3853194255147123;3;256;0.25
home73;42;1.3011001348495483;1.17105133977438;3;256;0.3
home73;21;1.2476201057434082;1.1551597191620055;3;512;0.2
home73;42;9.120943069458008;8.572045337617775;3;512;0.25
home73;24;3.5054051876068115;3.269695965966254;3;512;0.3
home73;25;5.483892917633057;5.239402539853255;4;64;0.2
home73;26;6.761293411254883;6.399935283701708;4;64;0.25
home73;26;8.66819953918457;8.224430657984126;4;64;0.3
home73;35;3.4701812267303467;3.292508258392814;4;128;0.2
home73;33;6.629329681396484;6.363745382352672;4;128;0.25
home73;31;5.921481609344482;5.56094095375784;4;128;0.3
home73;52;0.9095509648323059;0.8399385777948876;4;256;0.2
home73;36;5.309846878051758;4.986037681943099;4;256;0.25
home73;40;6.2409348487854;5.896318075536425;4;256;0.3
home73;43;0.4596829414367676;0.4238598801875767;4;512;0.2
home73;78;0.7348092198371887;0.6178541241181708;4;512;0.25
home73;44;1.1413060426712036;1.0152788548428138;4;512;0.3
home73;48;3.1601829528808594;2.9259527217614374;5;64;0.2
home73;37;4.1366753578186035;3.893040790481933;5;64;0.25
home73;30;5.472838878631592;4.957190974260396;5;64;0.3
home73;49;5.221922874450684;4.931729501979514;5;128;0.2
home73;37;4.347326278686523;4.090536739856161;5;128;0.25
home73;37;4.241398334503174;3.9568490906356475;5;128;0.3
home73;36;0.40907061100006104;0.42089451028488845;5;256;0.2
home73;42;3.3512372970581055;3.173754228072671;5;256;0.25
home73;37;7.1380615234375;6.698787615105175;5;256;0.3
home73;60;0.4170539379119873;0.388278092822963;5;512;0.2
home73;21;1.7120120525360107;1.5238786700980307;5;512;0.25
home73;117;0.8365510106086731;0.6997169893023658;5;512;0.3
home73;26;9.254913330078125;8.796353355676587;6;64;0.2
home73;31;4.697483062744141;4.385142194414104;6;64;0.25
home73;32;3.726512908935547;3.361509779476267;6;64;0.3
home73;22;3.760857343673706;3.518865839975571;6;128;0.2
home73;43;4.407914161682129;4.16105114998134;6;128;0.25
home73;27;4.530462741851807;4.050711651824608;6;128;0.3
home73;52;0.5665677189826965;0.5292971868760472;6;256;0.2
home73;32;3.5873613357543945;3.2306049792299825;6;256;0.25
home73;47;1.6590607166290283;1.5733035664408053;6;256;0.3
home73;39;1.795947551727295;1.5959454210371797;6;512;0.2
home73;46;4.300535202026367;3.8529811584675806;6;512;0.25
home73;25;3.5569827556610107;3.208022359440248;6;512;0.3
home90;43;8.490291595458984;8.217315824444574;3;64;0.2
home90;24;14.673523902893066;14.286670769714993;3;64;0.25
home90;24;12.415834426879883;12.12240002833627;3;64;0.3
home90;33;3.275703191757202;3.1704265918730816;3;128;0.2
home90;21;6.347107887268066;6.12361136272787;3;128;0.25
home90;25;4.850764751434326;4.653426590272983;3;128;0.3
home90;38;0.6516814827919006;0.6535628289437382;3;256;0.2
home90;37;1.6617997884750366;1.6065924548175539;3;256;0.25
home90;21;6.085882186889648;5.842169372445488;3;256;0.3
home90;41;1.5391632318496704;1.493642164019424;3;512;0.2
home90;51;1.1241824626922607;1.1020320101801597;3;512;0.25
home90;36;7.4286932945251465;7.116436296961745;3;512;0.3
home90;40;12.351646423339844;11.978002465852642;4;64;0.2
home90;27;19.865108489990234;19.297689108579704;4;64;0.25
home90;23;24.2153263092041;23.515356652440627;4;64;0.3
home90;29;3.916858673095703;3.7640680242778237;4;128;0.2
home90;24;12.790096282958984;12.384434152376151;4;128;0.25
home90;47;6.6236252784729;6.283502811339935;4;128;0.3
home90;30;4.618649005889893;4.454750864983249;4;256;0.2
home90;26;3.275881290435791;3.1626366153552548;4;256;0.25
home90;29;4.026561260223389;3.8201272300260993;4;256;0.3
home90;51;1.4358165264129639;1.4082965684435442;4;512;0.2
home90;27;5.393735408782959;5.158064399592741;4;512;0.25
home90;31;5.090473175048828;4.755249597674043;4;512;0.3
home90;23;12.600744247436523;12.209175448528153;5;64;0.2
home90;23;15.413284301757812;14.96069651770972;5;64;0.25
home90;23;11.662755012512207;11.21792608544239;5;64;0.3
home90;26;5.042176723480225;4.865480430306445;5;128;0.2
home90;39;4.593441009521484;4.4349845205062;5;128;0.25
home90;26;18.070598602294922;17.47302074001463;5;128;0.3
home90;32;5.259241580963135;5.07755180591651;5;256;0.2
home90;26;5.694274425506592;5.477118642267132;5;256;0.25
home90;28;6.7732014656066895;6.507925707864466;5;256;0.3
home90;26;2.5212764739990234;2.5017055659017244;5;512;0.2
home90;28;9.512700080871582;9.21204294014545;5;512;0.25
home90;39;1.7491893768310547;1.7151817179440665;5;512;0.3
home90;34;8.615376472473145;8.343525568356043;6;64;0.2
home90;34;9.957425117492676;9.611078324184106;6;64;0.25
home90;32;15.502575874328613;15.012753977474388;6;64;0.3
home90;35;4.00302267074585;3.814316645519884;6;128;0.2
home90;25;11.331278800964355;11.02073176366442;6;128;0.25
home90;31;7.739723205566406;7.415658726149591;6;128;0.3
home90;30;5.679198265075684;5.467501553992004;6;256;0.2
home90;24;4.115161895751953;3.9573363884672434;6;256;0.25
home90;27;3.1361021995544434;3.0356396625535815;6;256;0.3
home90;49;4.635751724243164;4.500188952481974;6;512;0.2
home90;30;9.483597755432129;9.220113251108252;6;512;0.25
home90;24;9.51777458190918;9.214016769873087;6;512;0.3
